{
    "accuracy": 0.66,
    "precision": 0.7555555555555555,
    "recall": 0.5964912280701754,
    "f1_score": 0.6666666666666666,
    "auc": 0.7276621787025704,
    "tp": 34,
    "tn": 32,
    "fp": 11,
    "fn": 23
}